rank,count,mean_probability,mean_ade_raw,mean_fde_raw,mean_ade_snapped,mean_fde_snapped
1,144,0.275596,36.14,63.3227,36.2192,63.3227
2,144,0.200234,42.5566,65.6735,42.6265,65.6735
3,144,0.165728,45.9912,66.0107,46.0337,66.0107
4,144,0.13847,46.8198,58.2349,46.8715,58.2349
5,144,0.119409,52.8012,67.26,52.8212,67.26
6,144,0.100561,57.3914,70.8444,57.4041,70.8444
